Name,Taxon name,Taxon type,Taxon ID,Group,Order,Family_Scientific,Family_English,Subspecies,Authority,Breeding Range,Breeding Range-Subregion,Nonbreeding Range,Code,Comment
Alcedinidae,Alcedinidae,Family,,Avifauna,,,,,,,,,,
Alcedo,Alcedo,Genus,,Avifauna,,,,,,,,,,
Animal,Animalia,Kingdom,,NA,,,,,,,,,,
Arachnothera,Arachnothera,Genus,,Avifauna,,,,,,,,,,
Arctic Warbler,Phylloscopus borealis,Species,,Avifauna,Passeriformes,Phylloscopidae,Leaf Warblers and allies,,"(Blasius, JH, 1858)",EU,"n, also w Alaska","Southeast Asia, Philippines",,
Ashy Tailorbird,Orthotomus ruficeps,Species,,Avifauna,Passeriformes,Cisticolidae,Cisticolas and allies,borneoensis,"(Salvadori, 1874)",OR,Borneo,,,
Asian Fairy Bluebird,Irena puella,Species,,Avifauna,Passeriformes,Irenidae,Fairy-bluebirds,,"(Latham, 1790)",OR,widespread,,,
Asian Glossy Starling,Aplonis panayensis,Species,,Avifauna,Passeriformes,Sturnidae,,,NA,NA,,,,
Asian Paradise Flycatcher,Terpsiphone incei,Species,,Avifauna,,,,,,,,,,
Asian Red-eyed Bulbul,Pycnonotus brunneus,Species,,Avifauna,Passeriformes,Pycnonotidae,Bulbuls,,"(Blyth, 1845)",OR,"Malay Peninsula, Sumatra, Borneo",,,
Asian Red-eyed/cream-vented Bulbul,Aves,Class,,Avifauna,,,,,,,,,,
Babbler,Leiothrichidae,Family,,Avifauna,,,,,,,,,,
Banded Bay Cuckoo,Cacomantis sonneratii,Species,,Avifauna,Cuculiformes,Cuculidae,Cuckoos,,"(Latham, 1790)",OR,widespread,,,
Banded Broadbill,Eurylaimus javanicus,Species,,Avifauna,Passeriformes,Eurylaimidae,Broadbills,,"(Horsfield, 1821)",OR,Southeast Asia to Java and Borneo,,,
Banded Kingfisher,Lacedo pulchella,Species,,Avifauna,,,,,,,,,,
Banded Woodpecker,Chrysophlegma miniaceum,Species,,Avifauna,Piciformes,Picidae,Woodpeckers,,"(Pennant, 1769)",OR,"Malay Peninsula, Sumatra, Borneo",,,
Barbet,Capitonidae,Family,,Avifauna,,,,,,,,,,
Barred Eagle-owl,Bubo sumatranus,Species,,Avifauna,Strigiformes,Strigidae,Owls,,"(Raffles, 1822)",OR,"Malay Peninsula, Greater Sundas",,,
Bar-winged Flycatcher-shrike,Hemipus picatus,Species,,Avifauna,Passeriformes,Tephrodornithidae,Woodshrikes and allies,,"(Sykes, 1832)",OR,widespread,,,
Bearded Pig,Sus barbatus,Species,,NA,Artiodactyla,Suidae,Hogs,,"(Muller, 1838)",Endemic,Borneo,,,
Bee,Hymenoptera,Order,,NA,,,,,,,,,,
Bent-toed Gecko,Cyrtodactylus,Genus,,Herpetofauna,Squamata,Gekkonidae,Geckos,,NA,NA,,,,
Big animal in tree,Mammalia,Class,,NA,,,,,,,,,,
Bird,Aves,Class,,Avifauna,,,,,,,,,,
Black Eagle,Ictinaetus malayensis,Species,5229198,Avifauna,,,,,,,,,,
Black Hornbill,Anthracoceros malayanus,Species,,Avifauna,Bucerotiformes,Bucerotidae,Hornbills,,"(Raffles, 1822)",OR,"Malay Peninsula, Sumatra, Borneo",,,
Black Magpie,Platysmurus leucopterus,Species,,Avifauna,Passeriformes,Corvidae,"Crows, Jays",,"(Temminck, 1824)",OR,"Malay Peninsula, Sumatra, Borneo",,,
Black-and-white Bulbul,Pycnonotus melanoleucos,Species,,Avifauna,,,,,,,,,,
Black-and-yellow Broadbill,Eurylaimus ochromalus,Species,,Avifauna,Passeriformes,Eurylaimidae,Broadbills,,"(Raffles, 1822)",OR,"Malay Peninsula, Sumatra, Borneo",,,
Black-bellied Malkoha,Phaenicophaeus diardi,Species,,Avifauna,Cuculiformes,Cuculidae,Cuckoos,,"(Lesson, R, 1830)",OR,"Malay Peninsula, Sumatra, Borneo",,,
Black-capped Babbler,Pellorneum capistratum,Species,,Avifauna,Passeriformes,Pellorneidae,"Fulvettas, Ground Babblers",,"(Temminck, 1823)",OR,"Malay Peninsula, Sumatra, Java, Borneo",,,
Black-crowned Pitta,Erythropitta ussheri,Species,,Avifauna,Passeriformes,Pittidae,Pittas,,"(Gould, 1877)",OR,Borneo,,,
Black-headed Bulbul,Pycnonotus atriceps,Species,,Avifauna,Passeriformes,Pycnonotidae,Bulbuls,,"(Temminck, 1822)",OR,widespread,,,
Black-naped Monarch,Hypothymis azurea,Species,,Avifauna,Passeriformes,Monarchidae,Monarchs,,"(Boddaert, 1783)",OR,"widespread, also Lesser Sundas",,,
Black-spotted Rock Frog,Staurois guttatus,Species,,Avifauna,,,,,,,,,,
Black-throated Babbler,Stachyris nigricollis,Species,,Avifauna,Passeriformes,Timaliidae,"Babblers, Scimitar Babblers",,"(Temminck, 1836)",OR,"Malay Peninsula, Sumatra, Borneo",,,
Black-throated Oriole,Oriolus xanthonotus,Species,,Avifauna,,,,,,,,,,
Black-winged flycatcher-shrike,Hemipus hirundinaceus,Species,,Avifauna,Passeriformes,Tephrodornithidae,Woodshrikes and allies,,"(Temminck, 1822)",OR,"Malaysia, Sumatra, Java, Borneo",,,
Blue-banded Kingfisher,Alcedo euryzona,Species,,Avifauna,Coraciiformes,Alcedinidae,Kingfishers,,"(Temminck, 1830)",OR,"Myanmar, Malay Peninsula, Greater Sundas",,,
Blue-crowned Hanging Parrot,Loriculus galgulus,Species,,Avifauna,Psittaciformes,Psittaculidae,Old World Parrots,,"(Linnaeus, 1758)",OR,"Malay Peninsula, Sumatra, Borneo",,,
Blue-eared Barbet,Psilopogon duvaucelii,Species,,Avifauna,Piciformes,Megalaimidae,Asian Barbets,,"(Lesson, R, 1830)",OR,ne India to Borneo,,,
Blue-eared Kingfisher,Alcedo meninting,Species,,Avifauna,,,,,,,,,,
Blue-headed Pitta,Hydrornis baudii,Species,,Avifauna,,,,,,,,,,
Blue-throated Bee-eater,Merops viridis,Species,,Avifauna,Coraciiformes,Meropidae,Bee-eaters,,"(Linnaeus, 1758)",OR,s China to Java and Philippines,,,
Blunt-headed Snail-eating Snake,Aplopeltura boa,Species,,Herpetofauna,,,,,,,,,,
Blyth's Paradise Flycatcher,Terpsiphone affinis,Species,,Avifauna,,,,,,,,,,
Bold-striped Tit-babbler,Macronus bornensis,Species,,Avifauna,Passeriformes,Timaliidae,"Babblers, Scimitar Babblers",,"(Bonaparte, 1850)",OR,"Java, Borneo, Wallacea.",,,
Bornean Banded Pitta,Hydrornis schwaneri,Species,,Avifauna,Passeriformes,Pittidae,Pittas,,"(Bonaparte, 1850)",OR,Borneo,,,
Bornean Blue Flycatcher,Cyornis superbus,Species,,Avifauna,,,,,,,,,,
Bornean Gibbon,Hylobates muelleri,Species,,NA,Squamata,,,,NA,NA,,,,
Bornean Gliding Frog,Rhacophorus borneensis,Species,,Herpetofauna,Anura,Rhacophoridae,Tree Frogs,,"(Matsui, Shimada & Sudin, 2013)",Endemic,Borneo,,,
Bornean Horned Frog,Megophrys nasuta,Species,,Herpetofauna,,,,,,,,,,
Bornean Narrow-mouthed Frog,Microhyla borneensis,Species,,Herpetofauna,Anura,Microhylidae,Narrow-mouthed Frogs,,"(Parker, 1928)",Endemic,Borneo,,,
Bornean Orang-utan,Pongo pygmaeus,Species,,NA,Squamata,,,,NA,NA,,,,
Bornean Spiderhunter,Arachnothera everetti,Species,,Avifauna,,,,,,,,,,
Bornean Sticky Frog,Kalophrynus meizon,Species,,Herpetofauna,Anura,Microhylidae,Narrow-mouthed Frogs,,"(Zug, 2015)",Endemic,Borneo,,,
Borneo Anglehead Lizard,Gonocephalus bornensis,Species,,Herpetofauna,,,,,,,,,,
Borneo Horned Frog,Megophrys nasuta,Species,,Herpetofauna,,,,,,,,,,
Broadbill,Eurylaimidae,Family,,Avifauna,,,,,,,,,,
Bronzed Drongo,Dicrurus aeneus,Species,,Avifauna,Passeriformes,Dicruridae,Drongos,,"(Vieillot, 1817)",OR,widespread,,,
Brown Barbet,Caloramphus fuliginosus,Species,,Avifauna,,,,,,,,,,
Brown Bullfrog,Kaloula baleata,Species,,Herpetofauna,,,,,,,,,,
Brown Fulvetta,Alcippe brunneicauda,Species,,Avifauna,Passeriformes,Pellorneidae,"Fulvettas, Ground Babblers",,"(Salvadori, 1879)",OR,"Malaysia, Sumatra, Borneo",,,
Brown Hawk-owl,Ninox scutulata,Species,,Avifauna,,,,,,,,,,
Brown Tree Frog,Rhacophorus harrissoni,Species,,Herpetofauna,,,,,,,,,,
Brown Woodshrike,Passeriformes,Order,,Avifauna,,,,,,,,,,
Buff-necked Woodpecker,Meiglyptes tukki,Species,,Avifauna,,,,,,,,,,
Buff-rumped Woodpecker,Meiglyptes tristis,Species,,Avifauna,Piciformes,Picidae,Woodpeckers,,"(Horsfield, 1821)",OR,"Malay Peninsula, Greater Sundas",,,
Buff-vented Bulbul,Iole crypta,Species,,Avifauna,Passeriformes,Pycnonotidae,Bulbuls,,"(Oberholser, 1918)",OR,"se Myanmar, s Thailand, Malay Peninsula, Sumatra and nearby islands",,TAX,"Species epithet crypta Oberholser, 1918 replaces olivacea Blyth, 1844 which is permanently invalid. See Dickinson & Christidis 2014"
Buff-vented Finchs Bulbul,Pycnonotidae,Family,,Avifauna,,,,,,,,,,
Bulbul,Pycnonotidae,Family,,Avifauna,,,,,,,,,,
Bush Frog,Philautus,Genus,,Herpetofauna,Anura,Rhacophoridae,Tree Frogs,,NA,NA,,,,
Bushy-crested Hornbill,Anorrhinus galeritus,Species,,Avifauna,Bucerotiformes,Bucerotidae,Hornbills,,"(Temminck, 1831)",OR,"Malay Peninsula, Sumatra, Borneo",,,
Changeable Hawk-Eagle,Nisaetus cirrhatus,Species,,Avifauna,,,,,,,,,,
Chestnut Munia,Lonchura atricapilla,Species,,Avifauna,Passeriformes,Estrildidae,"Waxbills, Munias and allies",,"(Vieillot, 1807)",OR,"India to Indonesia, Philippines",,,
Chestnut-backed Scimitar Babbler,Pomatorhinus montanus,Species,,Avifauna,Passeriformes,Timaliidae,"Babblers, Scimitar Babblers",,"(Horsfield, 1821)",OR,"Malay Peninsula, Sumatra, Java, Borneo",,,
Chestnut-breasted Malkoha,Phaenicophaeus curvirostris,Species,,Avifauna,Cuculiformes,Cuculidae,Cuckoos,microrhinus,"(von Berlepsch, 1895)",NA,,,,
Chestnut-collared Kingfisher,Actenoides concretus,Species,,Avifauna,,,,,,,,,,
Chestnut-crested Yuhina,Yuhina everetti,Species,,Avifauna,,,,,,,,,,
Chestnut-naped Forktail,Enicurus ruficapillus,Species,,Avifauna,,,,,,,,,,
Chestnut-necklaced Partridge,Arborophila charltonii,Species,,Avifauna,Galliformes,Phasianidae,Pheasants and allies,,"(Eyton, 1845)",OR,"Malay Peninsula, Sumatra, Borneo",,ENG,Change  English name of Arborophila charltonii from Scaly-breasted Partridge to Chestnut-necklaced Partridge to conform to current usage for charltoni sensu stricto
Chestnut-rumped Babbler,Stachyris maculata,Species,,Avifauna,Passeriformes,Timaliidae,"Babblers, Scimitar Babblers",,"(Temminck, 1836)",OR,"Malay Peninsula, Sumatra, Borneo",,,
Chestnut-winged Babbler,Stachyris erythroptera,Species,,Avifauna,Passeriformes,Timaliidae,"Babblers, Scimitar Babblers",,"(Blyth, 1842)",OR,"Malay Peninsula, Sumatra, Borneo",,,
Chloropsis,Chloropseidae,Family,,Avifauna,,,,,,,,,,
Cicada,Cicadidae,Family,,NA,,Cicadoidea,,,NA,NA,,,,
Cinnamon Frog,Nyctixalus pictus,Species,,Herpetofauna,Anura,Rhacophoridae,Tree Frogs,,"(Peters, 1871)",NA,"Thailand, Phillipines, Malaysia",,,
Common Emerald Dove,Chalcophaps indica,Species,,Avifauna,Columbiformes,Columbidae,"Pigeons, Doves",,"(Linnaeus, 1758)","OR, AU",widespread,,,
Common Hill Myna,Gracula religiosa,Species,,Avifauna,Passeriformes,Sturnidae,"Starlings, Rhabdornis",,"(Linnaeus, 1758)",OR,widespread,,,
Common Mock Viper,Psammodynastes pulverulentus,Species,,Herpetofauna,Squamata,Scincidae,Skinks,,NA,NA,,,,
Common Sun Skink,Eutropis multifasciata,Species,,Herpetofauna,,,,,,,,,,
Coucal,Centropus,Genus,,Avifauna,,,,,,,,,,
Cream-vented Bulbul,Pycnonotus simplex,Species,,Avifauna,Passeriformes,Pycnonotidae,Bulbuls,,"(Lesson, 1839)",OR,Malay Peninsula to Borneo,,,
Crested Fireback,Lophura ignita,Species,,Avifauna,Galliformes,Phasianidae,Pheasants and allies,,"(Shaw, 1798)",OR,"Malay Peninsula, Sumatra, Borneo",,,
Crested Goshawk,Accipiter trivirgatus,Species,,Avifauna,,,,,,,,,,
Crested Honey Buzzard,Pernis ptilorhynchus,Species,,Avifauna,,,,,,,,,,
Crested Jay,Platylophus galericulatus,Species,,Avifauna,Passeriformes,Corvidae,"Crows, Jays",,"(Cuvier, 1816)",OR,"Malay Peninsula, Sumatra, Java, Borneo",,PHY,"Platylophus is probably a shrike, not a jay (Jønsson et al. 2008b)"
Crested Serpent Eagle,Spilornis cheela,Species,2480433,Avifauna,Accipiriformes,Accipitridae,"Kites, Hawks and Eagles",,"(Latham, 1790)",OR,widespread,,,
Crested Toad,Ingerophrynus divergens,Species,,Herpetofauna,,,,,,,,,,
Cricket Frog,Fejervarya limnocharis,Species,2430396,Herpetofauna,Anura,Ranidae,True Frogs,,"(Stoliczka, 1870)",NA,"Philippines, Indonesia, Malaysia, Thailaind, India (Nicobar Island)",,,
Crimson Sunbird,Aethopyga siparaja,Species,,Avifauna,Passeriformes,Nectariniidae,Sunbirds,,"(Raffles, 1822)",OR,"widespread, also Sulawesi",,,
Crow,Corvus,Genus,,Avifauna,,,,,,,,,,
Cuckoo,Cuculidae,Family,,Avifauna,,,,,,,,,,
Dark Eared Tree Frog,Polypedates macrotis,Species,,Herpetofauna,Anura,Rhacophoridae,Tree Frogs,,"(Boulenger, 1891)",NA,"Thailand, Phillipines, Malaysia",,,
Dark-necked Tailorbird,Orthotomus atrogularis,Species,,Avifauna,Passeriformes,Cisticolidae,Cisticolas and allies,humphreysi,"(Chasen & Kloss, 1929)",OR,ne Borneo,,,
Dark-sided Flycatcher,Muscicapa sibirica,Species,,Avifauna,,,,,,,,,,
Dark-throated Oriole,Oriolus xanthonotus,Species,,Avifauna,Passeriformes,Oriolidae,"Figbirds, Orioles & Turnagra",,"(Horsfield, 1821)",OR,Southeast Asia through Borneo and Philippines,,,
Deer,Cervidae,Family,,NA,Squamata,Cervidae,deer,,NA,NA,,,,
Diards Trogon,Harpactes diardii,Species,,Avifauna,Trogoniformes,Trogonidae,Trogons,,"(Temminck, 1832)",OR,"Malay Peninsula,Sumatra, Borneo",,,
Dicaeidae,Dicaeidae,Family,,Avifauna,,,,,,,,,,
Dog,Canidae,Family,,NA,,,,,,,,,,
Dollarbird,Eurystomus orientalis,Species,,Avifauna,,,,,,,,,,
Dring's Slender Litter Frog,Leptolalax dringi,Species,,Herpetofauna,Anura,Megophryidae,Litter Frogs,,"(Dubois, 1987)",Endemic,Northern to central Borneo,,,
Dusky Munia,Lonchura fuscans,Species,,Avifauna,Passeriformes,Estrildidae,"Waxbills, Munias and allies",,"(Cassin, 1852)",OR,"Borneo, Philippines",,,
Dwarf Litter Frog,Leptobrachella,Genus,,Herpetofauna,,,,,,,,,,
Dwarf Slender Toad,Ansonia minuta,Species,,Herpetofauna,,,,,,,,,,
Eagle,Accipitridae,Family,,Avifauna,,,,,,,,,,
Emerald dove,Chalcophaps indica,Species,,Avifauna,,,,,,,,,,
Green Paddy Frog,Hylarana erythraea,Species,,Herpetofauna,,,,,,,,,,
Eurylaimus,Eurylaimus,Genus,,Avifauna,,,,,,,,,,
Ferruginous Babbler,Trichastoma bicolor,Species,,Avifauna,Passeriformes,Pellorneidae,"Fulvettas, Ground Babblers",,"(Lesson, R, 1839)",OR,"Malay Peninsula, Sumatra, Borneo",,,
Fiery Minivet,Pericrocotus igneus,Species,,Avifauna,,,,,,,,,,
File Eared Tree Frog,Polypedates otilophus,Species,,Herpetofauna,Anura,Rhacophoridae,Tree Frogs,,"(Boulenger, 1893)",NA,"Java, Sumatra, Borneo",,,
Finschs Bulbul,Alophoixus finschii,Species,,Avifauna,,,,,,,,,,
Flowerpecker,Dicaeidae,Family,,Avifauna,,,,,,,,,,
Fluffy-backed Tit-babbler,Macronus ptilosus,Species,,Avifauna,Passeriformes,Timaliidae,"Babblers, Scimitar Babblers",,"(Jardine & Selby, 1835)",OR,"Malay Peninsula, Sumatra, Borneo",,,
Flycatcher,Muscicapidae,Family,,Avifauna,,,,,,,,,,
Four-lined Tree Frog,Polypedates leucomystax,Species,,Herpetofauna,Anura,Rhacophoridae,Tree Frogs,,"(Gravenhorst, 1829)",NA,"India, South East Asia, Nepal, Japan (Ryukyus)",,,
Frilled Tree Frog,Kurixalus,Genus,2423830,Herpetofauna,Anura,Rhacophoridae,Tree Frogs,,"(Gunther, 1858)",NA,"India, Indonesia, Thailand, Malaysia",,,
Frog,Anura,Order,,Herpetofauna,,,,,,,,,,
Giant Creek Frog,Limnonectes leporinus,Species,,Herpetofauna,,,,,,,,,,
Giant River Toad,Phrynoidis juxtaspera,Species,,Herpetofauna,Anura,Bufonidae,True Toads,,"(Inger, 1964)",Endemic,Borneo,,,
Gliding Frog,Rhacophorus,Genus,,Herpetofauna,Anura,Rhacophoridae,Tree Frogs,,NA,NA,,,,
Golden-bellied Gerygone,Gerygone sulphurea,Species,,Avifauna,Passeriformes,Acanthizidae,Australasian Warblers,,"(Wallace, 1864)","OR, AU","Malay Peninsula, Sundas, Philippines, also Sulawesi",,,
Golden-whiskered Barbet,Psilopogon chrysopogon,Species,,Avifauna,Piciformes,Megalaimidae,Asian Barbets,,"(Temminck, 1824)",OR,"Malay Peninsula, Sumatra, Borneo",,,
Grass Frog,Fejervarya limnocharis,Species,,Herpetofauna,Anura,Dicroglossidae,True Frogs II,,"(Gravenhorst, 1829)",NA,South East Asia,,,
Great Argus,Argusianus argus,Species,,Avifauna,Galliformes,Phasianidae,Pheasants and allies,,"(Linnaeus, 1766)",OR,"Malay Peninsula, Sumatra, Borneo",,,
Great Slaty Woodpecker,Mulleripicus pulverulentus,Species,,Avifauna,Piciformes,Picidae,Woodpeckers,,"(Temminck, 1826)",OR,widespread,,,
Greater Coucal,Centropus sinensis,Species,,Avifauna,Cuculiformes,Cuculidae,Cuckoos,,"(Stephens, 1815)",NA,,,,
Green Crested Lizard,Bronchocela cristatella,Species,,Herpetofauna,,,,,,,,,,
Green Iora,Aegithina viridissima,Species,,Avifauna,Passeriformes,Aegithinidae,Ioras,,"(Bonaparte, 1850)",OR,"Southeast Asia, Sumatra, Borneo",,,
Greater Green Leafbird,Chloropsis sonnerati,Species,,Avifauna,,,,,,,,,,
Green Broadbill,Calyptomena viridis,Species,,Avifauna,,,,,,,,,,
Green Imperial-Pigeon,Ducula aenea,Species,,Avifauna,,,,,,,,,,
Grey Wagtail,Motacilla cinerea,Species,,Avifauna,,,,,,,,,,
Grey-and-buff Woodpecker,Hemicircus concretus,Species,,Avifauna,Piciformes,Picidae,Woodpeckers,,"(Temminck, 1821)",OR,"Malay Peninsula, Greater Sundas",,,
Grey-cheeked Bulbul,Alophoixus bres,Species,,Avifauna,,,,,,,,,,
Grey-chested Jungle Flycatcher,Cyornis umbratilis,Species,,Avifauna,Passeriformes,Muscicapidae,"Chats, Old World Flycatchers",,"(Strickland, 1849)",OR,"Malay Peninsula, Sumatra, Borneo",,,
Grey-headed Babbler,Stachyris poliocephala,Species,,Avifauna,,,,,,,,,,
Grey-streaked Flycatcher,Muscicapa griseisticta,Species,,Avifauna,,,,,,,,,,
Hairy-backed Bulbul,Tricholestes criniger,Species,,Avifauna,Passeriformes,Pycnonotidae,Bulbuls,,"(Blyth, 1845)",OR,"Malay Peninsula, Sumatra, Borneo",,,
Helmeted Hornbill,Rhinoplax vigil,Species,,Avifauna,Bucerotiformes,Bucerotidae,Hornbills,,"(Forster, JR, 1781)",OR,"Malay Peninsula, Sumatra, Borneo",,,
Hemiprocne,Hemiprocne,Genus,,Avifauna,,,,,,,,,,
Hooded Pitta,Pitta sordida,Species,,Avifauna,Passeriformes,Pittidae,Pittas,,"(Statius Müller, PL, 1776)","OR, AU",Himalayas to New Guinea,,,
Hornbill,Bucerotidae,Family,,Avifauna,,,,,,,,,,
Hose's Bush Frog,Philautus hosii,Species,,Herpetofauna,Anura,Rhacophoridae,Tree Frogs,,"(Boulenger, 1895)",Endemic,Borneo,,,
House Gecko,Hemidactylus frenatus,Species,,Herpetofauna,Squamata,Gekkonidae,Geckos,,"(Schlegel, 1836)",NA,,,,
Human noise,Homo sapiens,Species,,NA,,,,,NA,NA,,,,
Indian Cuckoo,Cuculus micropterus,Species,,Avifauna,Cuculiformes,Cuculidae,Cuckoos,,"(Gould, 1838)",OR,"widespread, also e Asia",,,
Insect,Insecta,Class,,NA,,,,,,,,,,
King Quail,Excalfactoria chinensis,Species,,Avifauna,Galliformes,Phasianidae,Pheasants and allies,,"(Linnaeus, 1766)","OR, AU",widespread,,,
Kuhl's Creek Frog,Limnonectes kuhlii,Species,,Herpetofauna,Anura,Dicroglossidae,True Frogs II,,"(Tschudi, 1838)",NA,"Java, Sulawesi, Indochina, Malaysia",,,
Large White-lipped Frog,Litoria infrafrenata,Species,,Herpetofauna,,,,,,,,,,
Large Woodshrike,Tephrodornis virgatus,Species,,Avifauna,,,,,,,,,,
Large-tailed Nightjar,Caprimulgus macrurus,Species,,Avifauna,Caprimulgiformes,Caprimulgidae,Nightjars,salvadorii,"(Sharpe, 1875)",NA,,,,
Leafbird,Chloropseidae,Family,,Avifauna,,,,,,,,,,
Leopard Cat,Prionailurus bengalensis,Species,,NA,,,,,,,,,,
Lesser Coucal,Centropus bengalensis,Species,,Avifauna,Cuculiformes,Cuculidae,Cuckoos,javanensis,"(Dumont, 1818)",NA,,,,
Lesser Cuckoo-shrike,Lalage fimbriata,Species,,Avifauna,,,,,,,,,,
Lesser Green Leafbird,Chloropsis cyanopogon,Species,,Avifauna,Passeriformes,Chloropseidae,Leafbirds,,"(Temminck, 1830)",OR,Myanmar to Sumatra and Borneo,,,
Lesser Mouse Deer,Tragulus kanchil,Species,,NA,,,,,,,,,,
Little Green Pigeon,Treron olax,Species,,Avifauna,,,,,,,,,,
Little Spiderhunter,Arachnothera longirostra,Species,,Avifauna,Passeriformes,Nectariniidae,Sunbirds,,"(Latham, 1790)",OR,widespread,,,
Little Spiderhunter? Or Sunbird?,Nectariniidae,Family,,Avifauna,,,,,,,,,,
Lonchura,Lonchura,Genus,,Avifauna,,,,,,,,,,
Long-fingered Slender Toad,Ansonia longidigita,Species,,Herpetofauna,,,,,,,,,,
Long-tailed Parakeet,Psittacula longicauda,Species,,Avifauna,,,,,,,,,,
Lowland Litter Frog,Leptobrachium abbotti,Species,,Herpetofauna,Anura,Megophryidae,Litter Frogs,,"(Cochran, 1926)",NA,"Borneo, Sumatra",,,
Macaque,Simia inuus,Species,,NA,Squamata,,,,NA,NA,,,,
Malacopteron,Malacopteron,Genus,,Avifauna,,,,,,,,,,
Malay Civet,Viverra tangalunga,Species,,NA,,,,,,,,,,
Malaysian Hawk-cuckoo,Hierococcyx fugax,Species,,Avifauna,,,,,,,,,,
Malaysian Pied Fantail,Rhipidura javanica,Species,,Avifauna,Passeriformes,Rhipiduridae,Fantails,,"(Sparrman, 1788)",OR,"Southeast Asia, Sumatra",,,
Malkoha,Phaenicophaeus,Genus,,Avifauna,,,,,,,,,,
Maroon Woodpecker,Blythipicus rubiginosus,Species,,Avifauna,Piciformes,Picidae,Woodpeckers,,"(Swainson, 1837)",OR,"Malay Peninsula, Sumatra, Borneo",,,
Maroon-breasted Philentoma,Philentoma velata,Species,,Avifauna,Passeriformes,Tephrodornithidae,Woodshrikes and allies,,"(Temminck, 1825)",OR,Myanmar to Java and Borneo,,,
Microhyla,Microhyla,Genus,,Herpetofauna,,,,,,,,,,
Monarchidae,Monarchidae,Family,,Avifauna,,,,,,,,,,
Montane Torent Frog,Meristogenys amoropalamus,Species,,Herpetofauna,,,,,,,,,,
Mouse Deer,Tragulus javanicus,Species,,NA,Squamata,,,,NA,NA,,,,
Moustached Babbler,Malacopteron magnirostre,Species,,Avifauna,Passeriformes,Pellorneidae,"Fulvettas, Ground Babblers",,"(Moore, F, 1854)",OR,"Malay Peninsula, Sumatra, Borneo",,,
Moustached Hawk-cuckoo,Hierococcyx vagans,Species,,Avifauna,,,,,,,,,,
Munia,Lonchura punctulata,Species,,Avifauna,,,,,,,,,,
Narcissus Flycatcher,Ficedula narcissina,Species,,Avifauna,Passeriformes,Muscicapidae,"Chats, Old World Flycatchers",,"(Temminck, 1836)",EU,e,Southeast Asia through Java,,
Narrow-mouthed Frog,Microhyla,Genus,,Herpetofauna,Anura,Microhylidae,Narrow-mouthed Frogs,,NA,NA,,,,
Nightjar,Caprimulgidae,Family,,Avifauna,,,,,,,,,,
Northern Torrent Frog,Meristogenys orphnocnemis,Species,,Herpetofauna,Anura,Ranidae,True Frogs,,"(Matsui, 1986)",Endemic,Northern Borneo,,,
Olive-backed Sunbird,Cinnyris jugularis,Species,,Avifauna,,,,,,,,,,
Olive-backed Woodpecker,Dinopium rafflesii,Species,,Avifauna,,,,,,,,,,
Olive-winged Bulbul,Pycnonotus plumosus,Species,,Avifauna,Passeriformes,Pycnonotidae,Bulbuls,,"(Blyth, 1845)",OR,"s Myanmar and s Thailand, peninsular Malaysia, Greater Sundas",,,
Orange-backed Woodpecker,Reinwardtipicus validus,Species,,Avifauna,Piciformes,Picidae,Woodpeckers,,"(Temminck, 1825)",OR,"Malay Peninsula, Greater Sundas",,,
Orange-bellied Flowerpecker,Dicaeum trigonostigma,Species,,Avifauna,Passeriformes,Dicaeidae,Flowerpeckers,,"(Scopoli, 1786)",OR,Bangladesh to Borneo and Philippines,,,
Oriental Bay Owl,Phodilus badius,Species,,Avifauna,Strigiformes,Tytonidae,Barn Owls,,"(Horsfield, 1821)",NA,,,,
Oriental Dwarf Kingfisher,Ceyx erithaca,Species,,Avifauna,Coraciiformes,Alcedinidae,Kingfishers,,"(Linnaeus, 1758)",OR,widespread,,PS,"Rufous-backed morphs sometimes treated as separate species C. rufidorsa (King 1997, Rasmussen & Anderton 2005, Lim et al. 2010) suggest past episodes of secondary contact and introgression. Revisit status of rufidorsa."
Oriental Magpie Robin,Copsychus saularis,Species,,Avifauna,,,,,,,,,,
Ornate Earless Agama,Aphaniotis ornata,Species,,Herpetofauna,Squamata,Agamidae,Agamas,,NA,NA,,,,
Orthotomus,Orthotomus,Genus,,Avifauna,,,,,,,,,,
Pacific Swallow,Hirundo tahitica,Species,,Avifauna,Passeriformes,Hirundinidae,"Swallows, Martins",,"Gmelin, JF, 1789","OR, AU",se Asia to New Guinea and Society Islands,,,
Pericrocotus,Pericrocotus,Genus,,Avifauna,,,,,,,,,,
Peters Bent Toed Gecko,Cyrtodactylus consobrinus,Species,,Herpetofauna,Squamata,Gekkonidae,Geckos,,NA,NA,,,,
Phew-bird,Trichastoma bicolor,Species,,Avifauna,,,,,,,,,,
Phylloscopus,Phylloscopus,Genus,,Avifauna,,,,,,,,,,
Picidae,Picidae,Family,,Avifauna,,,,,,,,,,
Plain Sunbird,Anthreptes simplex,Species,,Avifauna,Passeriformes,Nectariniidae,Sunbirds,,"(Müller, S, 1843)",OR,"Malay Peninsula, Sumatra, Borneo",,,
Plaintive Cuckoo,Cacomantis merulinus,Species,,Avifauna,Cuculiformes,Cuculidae,Cuckoos,,"(Scopoli, 1786)",OR,Southeast Asia to Philippines,,,
Poisonous Rock Frog,Odorrana hosii,Species,,Herpetofauna,Anura,Ranidae,True Frogs,,"(Boulenger, 1891)",NA,"Malaysia, Thailand, Myanmmar, Malaysia",,,
Prionochilus,Prionochilus,Genus,,Avifauna,,,,,,,,,,
Puff-backed Bulbul,Pycnonotus eutilotus,Species,,Avifauna,,,,,,,,,,
Pulchrana,Pulchrana,Genus,,Herpetofauna,,,,,,,,,,
Purple-naped Sunbird,Nectariniidae,Family,,Avifauna,,,,,,,,,,
Pycnonotidae,Pycnonotidae,Family,,Avifauna,,,,,,,,,,
Pycnonotus,Pycnonotus,Genus,,Avifauna,,,,,,,,,,
Pygmy Squirrel,Exilisciurus exilis,Species,,NA,Squamata,,,,NA,NA,,,,
Raffles's Malkoha,Rhinortha chlorophaea,Species,,Avifauna,Cuculiformes,Cuculidae,Cuckoos,,"(Raffles, 1822)",OR,"Malay Peninsula, Sumatra, Borneo",,,
Rattus,Rattus,Genus,,NA,,,,,,,,,,
Red Leaf Monkey,Presbytis rubicunda,Species,,NA,Squamata,,,,NA,NA,,,,
Red-bearded Bee-eater,Nyctyornis amictus,Species,,Avifauna,Coraciiformes,Meropidae,Bee-eaters,,"(Temminck, 1824)",OR,"Malay Peninsula, Sumatra, Borneo",,,
Red-billed Malkoha,Zanclostomus javanicus,Species,,Avifauna,Cuculiformes,Cuculidae,Cuckoos,,"(Horsfield, 1821)",OR,"Malay Peninsula, Greater Sundas",,,
Reddish Scops Owl,Otus rufescens,Species,,Avifauna,Strigiformes,Strigidae,Owls,,"(Horsfield, 1821)",NA,,,,
Red Muntjac,Muntiacus muntjak,Species,,NA,,,,,,,,,,
Red-naped Trogon,Harpactes kasumba,Species,,Avifauna,Trogoniformes,Trogonidae,Trogons,,"(Raffles, 1822)",OR,"Malay Peninsula,Sumatra, Borneo",,,
Red-throated Barbet,Psilopogon mystacophanos,Species,,Avifauna,Piciformes,Megalaimidae,Asian Barbets,,"(Temminck, 1824)",OR,"Malay Peninsula, Sumatra, Borneo",,,
Red-throated Sunbird,Anthreptes rhodolaemus,Species,,Avifauna,,,,,,,,,,
Rhacophoridae,Rhacophoridae,Family,,Herpetofauna,,,,,,,,,,
Rhinoceros Hornbill,Buceros rhinoceros,Species,,Avifauna,Bucerotiformes,Bucerotidae,Hornbills,,"(Linnaeus, 1758)",OR,"Malay Peninsula, Greater Sundas",,,
Rock Skipper Frog,Staurois latopalmatus,Species,,Herpetofauna,Anura,Ranidae,True Frogs,,"(Boulenger, 1887)",Endemic,Borneo,,,
Rooster,Gallus gallus,Species,,Avifauna,,,,,,,,,,
Rough Guardian Frog,Limnonectes finchi,Species,,Herpetofauna,Anura,Dicroglossidae,True Frogs II,,"(Inger, 1966)",NA,"Northern Borneo, Sulawesi",,,
Ruby-cheeked Sunbird,Chalcoparia singalensis,Species,,Avifauna,Passeriformes,Nectariniidae,Sunbirds,,"(Gmelin, JF, 1789)",OR,Nepal to Java and Borneo,,,
Rufous Piculet,Sasia abnormis,Species,,Avifauna,Piciformes,Picidae,Woodpeckers,,"(Temminck, 1825)",OR,"Malay Peninsula, Greater Sundas",,,
Rufous Woodpecker,Micropternus brachyurus,Species,,Avifauna,Piciformes,Picidae,Woodpeckers,,"(Vieillot, 1818)",OR,widespread,,,
Rufous-backed Kingfisher,Ceyx rufidorsa,Species,,Avifauna,,,,,,,,,,
Rufous-crowned Babbler,Malacopteron magnum,Species,,Avifauna,,,,,,,,,,
Rufous-fronted Babbler,Stachyridopsis rufifrons,Species,,Avifauna,Passeriformes,Timaliidae,"Babblers, Scimitar Babblers",,"(Hume, 1873)",OR,Myanmar to Borneo,,,
rufous-crowned/sooty-capped Babbler,Leiothrichidae,Family,,Avifauna,,,,,,,,,,
Rufous-tailed Shama,Copsychus pyrropygus,Species,,Avifauna,Passeriformes,Muscicapidae,"Chats, Old World Flycatchers",,"(Lesson, R, 1839)",OR,"extreme s Thailand, Malaysia, Sumatra, Borneo",,,
Rufous-tailed Tailorbird,Orthotomus sericeus,Species,,Avifauna,Passeriformes,Cisticolidae,Cisticolas and allies,sericeus,"(Temminck, 1836)",OR,"Borneo, w and sw Philippines",,,
Rufous-winged Philentoma,Philentoma pyrhoptera,Species,,Avifauna,Passeriformes,Tephrodornithidae,Woodshrikes and allies,,"(Temminck, 1836)",OR,Myanmar to Borneo,,,
Sabah Litter Skink,Sphenomorphus sabanus,Species,,Herpetofauna,,,,,,,,,,
Saffron Bellied Frog,Chaperina fusca,Species,,Herpetofauna,,,,,,,,,,
Sambar Deer,Rusa unicolor,Species,,NA,,,,,,,,,,
Sarawak Slender Litter Frog,Leptolalax gracilis,Species,,Herpetofauna,Anura,Megophryidae,Litter Frogs,,NA,NA,,,,
Scaly-crowned Babbler,Malacopteron cinereum,Species,,Avifauna,,,,,,,,,,
Scarlet Minivet,Pericrocotus speciosus,Species,,Avifauna,Passeriformes,Campephagidae,Cuckooshrikes,,"(Latham, 1790)",OR,"Himalayas to Indonesia, Philippines",,AS,Pericrocotus speciosus is split from P. flammeus (Rasmussen & Anderton 2005).
Scarlet-rumped Trogon,Harpactes duvaucelii,Species,,Avifauna,Trogoniformes,Trogonidae,Trogons,,"(Temminck, 1824)",OR,"Malay Peninsula,Sumatra, Borneo",,,
Scincidae,Scincidae,Family,,Herpetofauna,,,,,,,,,,
Shama,Copsychus malabaricus,Species,,Avifauna,,,,,,,,,,
Short-tailed Babbler,Malacocincla malaccensis,Species,,Avifauna,Passeriformes,Pellorneidae,"Fulvettas, Ground Babblers",,"(Hartlaub, 1844)",OR,"Malay Peninsula, Sumatra, Borneo",,,
Short-tailed/Horsfields Babbler,Leiothrichidae,Family,,Avifauna,,,,,,,,,,
Short-toed Coucal,Centropus rectunguis,Species,,Avifauna,Cuculiformes,Cuculidae,Cuckoos,,"(Strickland, 1847)",NA,,,,
Shrew/squirrel,Mammalia,Class,,NA,,,,,,,,,,
Slender Toad,Ansonia hanitschi,Species,,Herpetofauna,,,,,,,,,,
Slender-billed Crow,Corvus enca,Species,,Avifauna,Passeriformes,Corvidae,"Crows, Jays",,"(Horsfield, 1821)",OR,"Malaysia to Borneo, Philippines, also Sulawesi",,,
Slow Loris,Nycticebus,Genus,,NA,,,,,,,,,,
Smiths Giant Gecko,Gekko smithi,Species,,Herpetofauna,Squamata,Gekkonidae,Geckos,,NA,NA,,,,
Smooth Guardian Frog,Limnonectes palavanensis,Species,,Herpetofauna,Anura,Dicroglossidae,True Frogs II,,"(Boulenger, 1894)",NA,"Palawan, Borneo",,,
Sooty-capped Babbler,Malacopteron affine,Species,,Avifauna,Passeriformes,Pellorneidae,"Fulvettas, Ground Babblers",,"(Blyth, 1842)",OR,"Malay Peninsula, Sumatra, Borneo",,,
Southern Pig-tailed Macaque,Macaca nemestrina,Species,,NA,Squamata,,,,NA,NA,,,,
Spectacled Bulbul,Pycnonotus erythropthalmos,Species,,Avifauna,Passeriformes,Pycnonotidae,Bulbuls,,"(Hume, 1878)",OR,"Malay Peninsula, Sumatra, Borneo",,,
Spiderhunter,Arachnothera,Genus,,Avifauna,,,,,,,,,,
Spiny Slender Toad,Ansonia spinulifer,Species,,Herpetofauna,Anura,Bufonidae,True Toads,,"(Mocquard, 1890)",Endemic,Borneo,,,
Spotted Dove,Spilopelia chinensis,Species,,Avifauna,Columbiformes,Columbidae,"Pigeons, Doves",,"(Scopoli, 1786)",OR,widespread,,,
Spotted Stream Frog,Pulchrana picturata,Species,,Herpetofauna,Anura,Ranidae,True Frogs,,"(Boulenger, 1920)",NA,Malaysia,,,
Square-tailed Drongo Cuckoo,Surniculus lugubris,Species,,Avifauna,Cuculiformes,Cuculidae,Cuckoos,,"(Horsfield, 1821)",OR,"nw Himalayas to se China, south to s Thailand, Malaysia, Greater Sundas and Palawan",,ENG,"Change  English name of Surniculus lugubris to Square-tailed Drongo-Cuckoo with splits of S. dicruroides and D. musschenbroeki. Subspecific taxonomy, nomenclature and ranges of this species and Fork-tailed Drongo-Cuckoo are tentative and based primarily on  Payne, 2005 modified by Rasmussen & Anderton, 2005. For alternate treatments see Erritzøe et al, 2012  and Dickinson & Remsen, 2013."
Squirrel,Sciuridae,Family,,NA,Squamata,Sciuridae,Squirrel,,NA,NA,,,,
Sticky Frog,Kalophrynus,Genus,,Herpetofauna,Anura,Microhylidae,Narrow-mouthed Frogs,,NA,NA,,,,
Striated Grassbird,Megalurus palustris,Species,,Avifauna,,,,,,,,,,
Striped Wren-babbler,Kenopia striata,Species,,Avifauna,Passeriformes,Pellorneidae,"Fulvettas, Ground Babblers",,"(Blyth, 1842)",OR,"Malay Peninsula, Sumatra, Borneo",,,
Sun Skink,Eutropis multifasciata,Species,,Herpetofauna,,,,,,,,,,
Sunbird,Nectariniidae,Family,,Avifauna,,,,,,,,,,
Sunda Blue Flycatcher,Cyornis caerulatus,Species,,Avifauna,,,,,,,,,,
Sunda Frogmouth,Batrachostomus cornutus,Species,,Avifauna,,,,,,,,,,
Swallow,Hirundinidae,Family,,Avifauna,,,,,,,,,,
Swamp Toad,Ingerophrynus quadriporcatus,Species,,Herpetofauna,,,,,,,,,,
Swift,Apodidae,Family,,Avifauna,Apodiformes,Apodidae,Swifts,,NA,NA,,,,
Tailorbird,Orthotomus,Genus,,Avifauna,,,,,,,,,,
Tailorbird/Prinia,Cisticolidae,Family,,Avifauna,,,,,,,,,,
Thick-billed Flowerpecker,Dicaeum agile,Species,,Avifauna,,,,,,,,,,
Timaliidae,Timaliidae,Family,,Avifauna,,,,,,,,,,
Tree Frog,Polypedates,Genus,,Herpetofauna,Anura,Rhacophoridae,Tree Frogs,,NA,NA,,,,
Tree Hole Frog,Metaphrynella sundana,Species,,Herpetofauna,Anura,Microhylidae,Narrow-mouthed Frogs,,"(Peters, 1967)",Endemic,Borneo,,,
Treeshrew,Scandentia,Order,,NA,,,,,,,,,,
Triangle Keelback,Xenochrophis trianguligerus,Species,,Herpetofauna,,,,,,,,,,
Trogon,Trogoniformes,Order,,Avifauna,,,,,,,,,,
Tupaia,Tupaia,Genus,,NA,,,,,,,,,,
Twittering Slender Litter Frog,Leptolalax fritinniens,Species,9129624,Herpetofauna,Anura,Megophryidae,Litter Frogs,,"(Dehling and Matsui, 2013)",Endemic,Northern Borneo,,,
Van Hasselt's Sunbird,Leptocoma brasiliana,Species,,Avifauna,Passeriformes,Nectariniidae,Sunbirds,,"(Gmelin, JF, 1788)",OR,ne India to Southeast Asia and Greater Sundas,,,
Violet Cuckoo,Chrysococcyx xanthorhynchus,Species,,Avifauna,,,,,,,,,,
Wallace's Flying Frog,Rhacophorus nigropalmatus,Species,,Herpetofauna,,,,,,,,,,
Wallace's Gliding Frog,Rhacophorus nigropalmatus,Species,,Herpetofauna,Anura,Rhacophoridae,Tree Frogs,,"(Boulenger, 1895)",NA,"Borneo, Sumatra, Peninsular Malaysia",,,
Whiskered Treeswift,Hemiprocne comata,Species,,Avifauna,Apodiformes,Hemiprocnidae,Treeswifts,,"(Temminck, 1824)",OR,"Malay Peninsula, Sumatra, Borneo, Philippines",,,
White-bellied Yuhina,Erpornis zantholeuca,Species,,Avifauna,,,,,,,,,,
White-chested Babbler,Trichastoma rostratum,Species,,Avifauna,,,,,,,,,,
White-crowned Forktail,Enicurus leschenaulti,Species,,Avifauna,,,,,,,,,,
White-crowned Hornbill,Berenicornis comatus,Species,,Avifauna,Bucerotiformes,Bucerotidae,Hornbills,,"(Raffles, 1822)",OR,"Malay Peninsula, Sumatra, Borneo",,,
White-crowned Shama,Copsychus stricklandii,Species,,Avifauna,Passeriformes,Muscicapidae,"Chats, Old World Flycatchers",,"(Motley & Dillwyn, 1855)",OR,Borneo,,,
White-fronted Falconet,Microhierax latifrons,Species,,Avifauna,,,,,,,,,,
White-lipped Frog,Litoria infrafrenata,Species,,Herpetofauna,Anura,Ranidae,True Frogs,,"(Peters, 1871)",Endemic,Borneo,,,
Woodpecker,Picidae,Family,,Avifauna,,,,,,,,,,
Wreathed Hornbill,Rhyticeros undulatus,Species,,Avifauna,Bucerotiformes,Bucerotidae,Hornbills,,"(Shaw, 1812)",OR,ne India to Borneo and Java,,SSP,"Treat species as monotypic. Kemp, 2001."
Yellow-bellied Bulbul,Alophoixus phaeocephalus,Species,,Avifauna,Passeriformes,Pycnonotidae,Bulbuls,,"(Hartlaub, 1844)",OR,"Malay Peninsula, Sumatra, Borneo",,,
Yellow-bellied Prinia,Prinia flaviventris,Species,,Avifauna,Passeriformes,Cisticolidae,Cisticolas and allies,,"(Delessert, 1840)",OR,widespread,,,
Yellow-breasted Flowerpecker,Prionochilus maculatus,Species,,Avifauna,Passeriformes,Dicaeidae,Flowerpeckers,,"(Temminck, 1836)",OR,"Malay Peninsula, Borneo",,,
Yellow-rumped Flowerpecker,Prionochilus xanthopygius,Species,,Avifauna,Passeriformes,Dicaeidae,Flowerpeckers,,"(Salvadori, 1868)",OR,Borneo,,,
Yellow-crowned Barbet,Psilopogon henricii,Species,,Avifauna,,,,,,,,,,
Yellow-vented Bulbul,Pycnonotus goiavier,Species,,Avifauna,Passeriformes,Pycnonotidae,Bulbuls,,"(Scopoli, 1786)",OR,"Southeast Asia, Philippines",,,
Yellow-vented Flowepecker,Dicaeum chrysorrheum,Species,,Avifauna,,,,,,,,,,
Zebra Dove,Geopelia striata,Species,,Avifauna,Columbiformes,Columbidae,"Pigeons, Doves",,"(Linnaeus, 1766)",OR,"Malay Peninsula , Sumatra, Java",,,